id_hex,id_dec,dbc_names,count,dlc,mean_us,median_us,p95_us,wraps,unique_payloads,changing_bytes,byte_ranges,byte_unique_counts,byte_entropy,changing_bits,top_payloads
0x020,32,,133836,7:133836,12151.02,12111,13930,1,1,,20-20 00-00 07-07 01-01 00-00 00-00 4F-4F 00-00,1 1 1 1 1 1 1 1,-0.00 -0.00 -0.00 -0.00 -0.00 -0.00 -0.00 -0.00,,20 00 07 01 00 00 4F 00 x133836
0x024,36,toyota_prius_2010_pt.dbc:KINEMATICS | toyota_2017_ref_pt.dbc:YGS1S03 | Prius.dbc:Unbekannt_03,133836,8:133836,12151.02,12255,14066,1,62829,D1 D2 D3 D4 D5 D6 D7 D8,01-02 00-FF 01-02 00-FF 61-62 00-FF 7F-81 00-FF,2 256 2 199 2 194 3 226,0.80 5.23 1.00 6.35 0.94 6.23 0.63 6.02,"D1:b0,1 D2:b0,1,2,3,4,5,6,7 D3:b0,1 D4:b0,1,2,3,4,5,6,7 D5:b0,1 D6:b0,1,2,3,4,5,6,7 D7:b0,1,2,3,4,5,6,7 D8:b0,1,2,3,4,5,6,7",02 01 02 09 62 0A 80 26 x1993; 02 02 01 F5 62 18 80 20 x1855; 02 02 02 09 62 0A 80 27 x1161; 02 01 01 F5 62 18 80 1F x674; 02 01 01 FE 62 04 80 14 x617
0x025,37,toyota_prius_2010_pt.dbc:STEER_ANGLE_SENSOR | toyota_2017_ref_pt.dbc:STR1S01 | Prius.dbc:Lenkung_1,133836,8:133836,12151.02,12123,13961,1,1,,A2-A2 37-37 98-98 00-00 FF-FF FF-FF FF-FF 9B-9B,1 1 1 1 1 1 1 1,-0.00 -0.00 -0.00 -0.00 -0.00 -0.00 -0.00 -0.00,,A2 37 98 00 FF FF FF 9B x133836
0x0AA,170,toyota_prius_2010_pt.dbc:WHEEL_SPEEDS | toyota_2017_ref_pt.dbc:VSC1F01 | Prius.dbc:V_RAD,133836,8:133836,12151.02,12110,14385,1,116912,D1 D2 D3 D4 D5 D6 D7 D8,1A-37 00-FF 1A-37 00-FF 1A-37 00-FF 1A-37 00-FF,30 256 30 256 30 256 30 256,4.56 7.51 4.56 7.51 4.54 7.52 4.55 7.52,"D1:b0,1,2,3,4,5 D2:b0,1,2,3,4,5,6,7 D3:b0,1,2,3,4,5 D4:b0,1,2,3,4,5,6,7 D5:b0,1,2,3,4,5 D6:b0,1,2,3,4,5,6,7 D7:b0,1,2,3,4,5 D8:b0,1,2,3,4,5,6,7",1A 6F 1A 6F 1A 6F 1A 6F x16674; 1B 1E 1B 1D 1B 1D 1B 1D x4; 1B 12 1B 14 1B 11 1B 12 x4; 1C 37 1B CE 1B F2 1B 76 x4; 1B 17 1B 15 1B 15 1B 14 x3
0x0B4,180,toyota_prius_2010_pt.dbc:SPEED | toyota_2017_ref_pt.dbc:VSC1S03 | Prius.dbc:Unbekannt_07,66918,8:66918,24302.04,24215,26056,1,53133,D5 D6 D7 D8,00-00 00-00 00-00 00-00 00-FC 00-1E 00-FF 00-FF,1 1 1 1 64 31 256 256,-0.00 -0.00 -0.00 -0.00 5.89 4.53 7.49 7.74,"D5:b2,3,4,5,6,7 D6:b0,1,2,3,4 D7:b0,1,2,3,4,5,6,7 D8:b0,1,2,3,4,5,6,7",00 00 00 00 4C 00 00 08 x3180; 00 00 00 00 F8 00 00 B4 x2118; 00 00 00 00 A0 00 00 5C x939; 00 00 00 00 D0 00 00 8C x899; 00 00 00 00 24 00 00 E0 x798
0x0B6,182,Prius.dbc:V,33459,4:33459,48604.10,48414,51103,1,6676,D1 D2 D4,00-1D 00-FF 00-00 00-FF 00-00 00-00 00-00 00-00,30 256 1 256 1 1 1 1,4.50 7.52 -0.00 7.52 -0.00 -0.00 -0.00 -0.00,"D1:b0,1,2,3,4 D2:b0,1,2,3,4,5,6,7 D4:b0,1,2,3,4,5,6,7",00 00 00 BA 00 00 00 00 x4163; 11 33 00 FE 00 00 00 00 x26; 13 0E 00 DB 00 00 00 00 x21; 13 11 00 DE 00 00 00 00 x21; 12 ED 00 B9 00 00 00 00 x21
0x127,295,toyota_prius_2010_pt.dbc:GEAR_PACKET | Prius.dbc:Unbekannt_02,99235,8:99235,16387.87,16391,18603,1,71473,D4 D5 D6 D7 D8,00-00 10-10 00-00 08-4F 00-FF 01-3F 00-FF 00-FF,1 1 1 4 238 43 256 256,-0.00 -0.00 -0.00 1.32 6.04 4.36 7.84 7.84,"D4:b0,1,2,6 D5:b0,1,2,3,4,5,6,7 D6:b0,1,2,3,4,5 D7:b0,1,2,3,4,5,6,7 D8:b0,1,2,3,4,5,6,7",00 10 00 08 00 01 B3 FC x3116; 00 10 00 08 00 06 54 A2 x2677; 00 10 00 08 00 3D 36 BB x999; 00 10 00 08 00 31 0F 88 x700; 00 10 00 08 00 39 60 E1 x684
0x1AA,426,toyota_2017_ref_pt.dbc:VSC1F02,33459,6:33459,48604.03,48408,50562,1,1,,00-00 00-00 00-00 00-00 00-00 B1-B1 00-00 00-00,1 1 1 1 1 1 1 1,-0.00 -0.00 -0.00 -0.00 -0.00 -0.00 -0.00 -0.00,,00 00 00 00 00 B1 00 00 x33459
0x1C4,452,toyota_prius_2010_pt.dbc:POWERTRAIN | toyota_2017_ref_pt.dbc:ENG1F07 | Prius.dbc:Unbekannt_06,69044,8:69044,23553.80,23555,25629,1,2323,D1 D2 D8,00-0E 00-FF 00-00 00-00 00-00 00-00 00-00 00-FF,15 256 1 1 1 1 1 256,1.74 3.00 -0.00 -0.00 -0.00 -0.00 -0.00 3.01,"D1:b0,1,2,3 D2:b0,1,2,3,4,5,6,7 D8:b0,1,2,3,4,5,6,7",00 00 00 00 00 00 00 CD x50148; 00 92 00 00 00 00 00 5F x103; 06 E2 00 00 00 00 00 B5 x61; 05 A7 00 00 00 00 00 79 x53; 06 E4 00 00 00 00 00 B7 x53
0x224,548,Prius.dbc:Bremse_1,66919,8:66919,24301.99,24219,26536,1,162,D1 D6,00-20 00-00 00-00 00-00 00-00 00-AB 00-00 08-08,2 1 1 1 1 156 1 1,0.71 -0.00 -0.00 -0.00 -0.00 1.79 -0.00 -0.00,"D1:b5 D6:b0,1,2,3,4,5,6,7",00 00 00 00 00 00 00 08 x53504; 20 00 00 00 00 37 00 08 x845; 20 00 00 00 00 0F 00 08 x834; 20 00 00 00 00 11 00 08 x834; 20 00 00 00 00 0E 00 08 x740
0x230,560,toyota_prius_2010_pt.dbc:BRAKE_MODULE2 | Prius.dbc:Unbekannt_01,66918,7:66918,24302.06,24216,26137,1,43908,D1 D2 D4 D7,00-FF 00-FF 02-02 00-05 00-00 00-00 00-FF 00-00,256 256 1 4 1 1 256 1,7.70 7.76 -0.00 0.93 -0.00 -0.00 7.78 -0.00,"D1:b0,1,2,3,4,5,6,7 D2:b0,1,2,3,4,5,6,7 D4:b0,2 D7:b0,1,2,3,4,5,6,7",12 FD 02 00 00 00 4A 00 x2740; 6D 10 02 01 00 00 B9 00 x1923; 18 B8 02 04 00 00 0F 00 x893; 8E 71 02 04 00 00 3E 00 x774; 24 A8 02 04 00 00 0B 00 x765
0x232,562,toyota_2017_ref_pt.dbc:VSC1S14,66918,4:66918,24302.04,24213,26644,1,1,,00-00 00-00 00-00 38-38 00-00 00-00 00-00 00-00,1 1 1 1 1 1 1 1,-0.00 -0.00 -0.00 -0.00 -0.00 -0.00 -0.00 -0.00,,00 00 00 38 00 00 00 00 x66918
0x235,565,,66918,6:66918,24302.04,24320,26122,1,1,,00-00 00-00 00-00 00-00 00-00 3D-3D 00-00 00-00,1 1 1 1 1 1 1 1,-0.00 -0.00 -0.00 -0.00 -0.00 -0.00 -0.00 -0.00,,00 00 00 00 00 3D 00 00 x66918
0x245,581,toyota_prius_2010_pt.dbc:GAS_PEDAL | Prius.dbc:Unbekannt_09,69032,5:69032,23557.51,23562,25685,1,337,D3 D4 D5,00-00 00-00 00-7B 00-30 4C-F7 00-00 00-00 00-00,1 1 124 4 172 1 1 1,-0.00 -0.00 4.79 1.02 5.12 -0.00 -0.00 -0.00,"D3:b0,1,2,3,4,5,6 D4:b4,5 D5:b0,1,2,3,4,5,6,7",00 00 00 00 4C 00 00 00 x28799; 00 00 28 00 74 00 00 00 x1093; 00 00 00 10 5C 00 00 00 x950; 00 00 29 00 75 00 00 00 x922; 00 00 5B 30 D7 00 00 00 x687
0x247,583,Prius.dbc:Display_1,69033,5:69033,23557.53,23562,25710,1,539,D1 D2 D3,04-BF 00-FF 32-FF 00-00 00-00 00-00 00-00 00-00,13 248 2 1 1 1 1 1,2.48 6.72 0.49 -0.00 -0.00 -0.00 -0.00 -0.00,"D1:b0,1,2,3,4,5,7 D2:b0,1,2,3,4,5,6,7 D3:b0,2,3,6,7",B6 00 FF 00 00 00 00 00 x3696; 06 00 FF 00 00 00 00 00 x3689; 0F F1 32 00 00 00 00 00 x2718; 04 00 32 00 00 00 00 00 x2572; 0F F2 32 00 00 00 00 00 x1922
0x260,608,toyota_prius_2010_pt.dbc:STEER_TORQUE_SENSOR | Prius.dbc:Unbekannt_04,80421,8:80421,20221.74,20215,21179,1,833,D2 D3 D8,00-00 00-FF 00-FF 00-00 00-00 00-00 00-00 00-FF,1 5 256 1 1 1 1 256,-0.00 1.41 7.86 -0.00 -0.00 -0.00 -0.00 7.85,"D2:b0,1,2,3,4,5,6,7 D3:b0,1,2,3,4,5,6,7 D8:b0,1,2,3,4,5,6,7",00 FF FA 00 00 00 00 63 x2110; 00 00 01 00 00 00 00 6B x1434; 00 FF FE 00 00 00 00 67 x1296; 00 00 05 00 00 00 00 6F x1027; 00 FF F8 00 00 00 00 61 x910
0x262,610,toyota_prius_2010_pt.dbc:EPS_STATUS,40211,5:40211,40443.58,40433,41245,1,2,D1 D5,21-25 00-00 00-00 00-00 8A-8E 00-00 00-00 00-00,2 1 1 1 2 1 1 1,0.57 -0.00 -0.00 -0.00 0.57 -0.00 -0.00 -0.00,D1:b2 D5:b2,21 00 00 00 8A 00 00 00 x34847; 25 00 00 00 8E 00 00 00 x5364
0x320,800,toyota_2017_ref_pt.dbc:VSC1S07 | Prius.dbc:Unbekannt_12,33459,8:33459,48604.10,48427,51137,1,628,D3 D5 D8,44-44 20-20 00-FF 00-00 00-FF 00-00 00-00 49-C6,1 1 14 1 123 1 1 124,-0.00 -0.00 1.78 -0.00 5.62 -0.00 -0.00 5.65,"D3:b0,1,2,3,4,5,6,7 D5:b0,1,2,3,4,5,6,7 D8:b0,1,2,3,4,5,6,7",44 20 00 00 00 00 00 8F x3061; 44 20 00 00 FF 00 00 8E x1614; 44 20 00 00 01 00 00 90 x1024; 44 20 04 00 00 00 00 93 x877; 44 20 00 00 04 00 00 93 x819
0x32A,810,,33459,2:33459,48604.12,48434,50496,1,1,,00-00 2F-2F 00-00 00-00 00-00 00-00 00-00 00-00,1 1 1 1 1 1 1 1,-0.00 -0.00 -0.00 -0.00 -0.00 -0.00 -0.00 -0.00,,00 2F 00 00 00 00 00 00 x33459
0x351,849,,26806,4:26806,60665.45,60658,61336,1,1,,00-00 00-00 00-00 00-00 00-00 00-00 00-00 00-00,1 1 1 1 1 1 1 1,-0.00 -0.00 -0.00 -0.00 -0.00 -0.00 -0.00 -0.00,,00 00 00 00 00 00 00 00 x26806
0x361,865,,25203,8:25203,64527.21,64527,66776,1,4797,D1 D2 D3 D5 D7 D8,80-81 00-FF 00-7B 00-00 20-E0 00-00 00-4B 6F-8D,2 67 124 1 4 1 76 31,0.15 5.55 4.77 -0.00 1.11 -0.00 5.74 2.27,"D1:b0 D2:b0,1,2,3,4,5,6,7 D3:b0,1,2,3,4,5,6 D5:b6,7 D7:b0,1,2,3,4,5,6 D8:b0,1,2,3,4,5,6,7",80 00 00 00 20 00 00 88 x1854; 80 00 00 00 E0 00 00 88 x934; 80 26 00 00 60 00 2E 7C x201; 80 23 00 00 60 00 2A 7C x187; 80 00 00 00 A0 00 00 88 x166
0x381,897,toyota_2017_ref_pt.dbc:ACN1S04,353,8:353,4613833.32,4997260,4999453,0,8,D2 D3 D8,00-00 00-81 00-0E 10-10 00-00 00-00 00-00 00-80,1 2 4 1 1 1 1 2,-0.00 0.38 0.48 -0.00 -0.00 -0.00 -0.00 0.24,"D2:b0,7 D3:b0,1,2,3 D8:b7",00 00 00 10 00 00 00 00 x326; 00 81 0E 10 00 00 00 80 x7; 00 81 0E 10 00 00 00 00 x6; 00 81 01 10 00 00 00 00 x6; 00 81 01 10 00 00 00 80 x5
0x382,898,,395,2:395,4122005.96,4997221,4998855,0,20,D1,00-39 38-38 00-00 00-00 00-00 00-00 00-00 00-00,20 1 1 1 1 1 1 1,1.39 -0.00 -0.00 -0.00 -0.00 -0.00 -0.00 -0.00,"D1:b0,1,2,3,4,5",39 38 00 00 00 00 00 00 x325; 25 38 00 00 00 00 00 00 x7; 22 38 00 00 00 00 00 00 x6; 23 38 00 00 00 00 00 00 x6; 24 38 00 00 00 00 00 00 x6
0x383,899,,814,8:814,1998854.82,1998990,2001197,0,1,,01-01 00-00 01-01 00-00 00-00 00-00 00-00 00-00,1 1 1 1 1 1 1 1,-0.00 -0.00 -0.00 -0.00 -0.00 -0.00 -0.00 -0.00,,01 00 01 00 00 00 00 00 x814
0x384,900,toyota_2017_ref_pt.dbc:AVN1S01,542,6:542,3000085.19,3000084,3002532,0,1,,F0-F0 F0-F0 00-00 00-00 00-00 00-00 00-00 00-00,1 1 1 1 1 1 1 1,-0.00 -0.00 -0.00 -0.00 -0.00 -0.00 -0.00 -0.00,,F0 F0 00 00 00 00 00 00 x542
0x386,902,toyota_2017_ref_pt.dbc:AVN1S03,542,6:542,3000084.54,3000082,3002168,0,1,,00-00 00-00 00-00 07-07 00-00 03-03 00-00 00-00,1 1 1 1 1 1 1 1,-0.00 -0.00 -0.00 -0.00 -0.00 -0.00 -0.00 -0.00,,00 00 00 07 00 03 00 00 x542
0x387,903,,1626,8:1626,1000028.50,1000035,1001619,0,1,,00-00 00-00 00-00 00-00 00-00 00-00 3F-3F 3F-3F,1 1 1 1 1 1 1 1,-0.00 -0.00 -0.00 -0.00 -0.00 -0.00 -0.00 -0.00,,00 00 00 00 00 00 3F 3F x1626
0x389,905,toyota_2017_ref_pt.dbc:AVN1S08,1626,8:1626,1000027.65,1000038,1001656,0,1,,00-00 20-20 00-00 00-00 00-00 00-00 00-00 00-00,1 1 1 1 1 1 1 1,-0.00 -0.00 -0.00 -0.00 -0.00 -0.00 -0.00 -0.00,,00 20 00 00 00 00 00 00 x1626
0x38B,907,,1625,7:1625,1000683.83,1000691,1001866,0,10,D3,00-00 00-00 00-32 00-00 00-00 00-00 00-00 00-00,1 1 10 1 1 1 1 1,-0.00 -0.00 0.07 -0.00 -0.00 -0.00 -0.00 -0.00,"D3:b0,1,2,3,4,5",00 00 00 00 00 00 00 00 x1616; 00 00 07 00 00 00 00 00 x1; 00 00 0B 00 00 00 00 00 x1; 00 00 18 00 00 00 00 00 x1; 00 00 20 00 00 00 00 00 x1
0x38E,910,,1626,8:1626,1000027.75,1000035,1001562,0,1,,00-00 00-00 00-00 00-00 00-00 00-00 00-00 00-00,1 1 1 1 1 1 1 1,-0.00 -0.00 -0.00 -0.00 -0.00 -0.00 -0.00 -0.00,,00 00 00 00 00 00 00 00 x1626
0x38F,911,toyota_2017_ref_pt.dbc:AVN1S07,1626,8:1626,1000027.41,1000040,1001650,0,1,,09-09 00-00 00-00 00-00 00-00 00-00 00-00 00-00,1 1 1 1 1 1 1 1,-0.00 -0.00 -0.00 -0.00 -0.00 -0.00 -0.00 -0.00,,09 00 00 00 00 00 00 00 x1626
0x394,916,toyota_2017_ref_pt.dbc:EPS1S90,5362,1:5362,303326.75,303317,305569,1,1,,00-00 00-00 00-00 00-00 00-00 00-00 00-00 00-00,1 1 1 1 1 1 1 1,-0.00 -0.00 -0.00 -0.00 -0.00 -0.00 -0.00 -0.00,,00 00 00 00 00 00 00 00 x5362
0x399,921,toyota_prius_2010_pt.dbc:PCM_CRUISE_SM | toyota_2017_ref_pt.dbc:ENG1S95,1588,7:1588,1024241.28,1024237,1026425,0,1,,00-00 00-00 00-00 00-00 00-00 00-00 00-00 00-00,1 1 1 1 1 1 1 1,-0.00 -0.00 -0.00 -0.00 -0.00 -0.00 -0.00 -0.00,,00 00 00 00 00 00 00 00 x1588
0x39B,923,,1625,5:1625,1000682.95,1000691,1001743,0,1,,00-00 00-00 00-00 00-00 00-00 00-00 00-00 00-00,1 1 1 1 1 1 1 1,-0.00 -0.00 -0.00 -0.00 -0.00 -0.00 -0.00 -0.00,,00 00 00 00 00 00 00 00 x1625
0x3A5,933,toyota_2017_ref_pt.dbc:AVN1S13,1805,8:1805,900922.12,1000014,1001631,0,32,D7,00-00 00-00 00-00 00-00 00-00 00-00 00-3E 00-00,1 1 1 1 1 1 32 1,-0.00 -0.00 -0.00 -0.00 -0.00 -0.00 4.30 -0.00,"D7:b1,2,3,4,5",00 00 00 00 00 00 30 00 x271; 00 00 00 00 00 00 00 00 x254; 00 00 00 00 00 00 10 00 x186; 00 00 00 00 00 00 20 00 x115; 00 00 00 00 00 00 12 00 x108
0x3B0,944,toyota_2017_ref_pt.dbc:ACN1S07 | Prius.dbc:Unbekannt_27,1630,6:1630,998198.01,999651,1001496,1,15,D2 D4 D6,00-00 A3-A7 00-00 49-4B 00-00 01-11 00-00 00-00,1 5 1 3 1 3 1 1,-0.00 1.90 -0.00 0.96 -0.00 0.57 -0.00 -0.00,"D2:b0,1,2 D4:b0,1 D6:b3,4",00 A5 00 4A 00 11 00 00 x412; 00 A6 00 4A 00 11 00 00 x391; 00 A4 00 4A 00 11 00 00 x264; 00 A5 00 49 00 11 00 00 x101; 00 A4 00 4A 00 01 00 00 x93
0x3B1,945,toyota_2017_ref_pt.dbc:ABG1S01,1628,8:1628,998680.35,999730,1001447,0,2,D3,00-00 00-00 00-01 01-01 00-00 08-08 00-00 00-00,1 1 2 1 1 1 1 1,-0.00 -0.00 0.31 -0.00 -0.00 -0.00 -0.00 -0.00,D3:b0,00 00 00 01 00 08 00 00 x1538; 00 00 01 01 00 08 00 00 x90
0x3B3,947,Prius.dbc:Unbekannt_10,3176,3:3176,512120.83,512120,514392,1,39,D3,00-00 00-00 28-74 00-00 00-00 00-00 00-00 00-00,1 1 39 1 1 1 1 1,-0.00 -0.00 3.85 -0.00 -0.00 -0.00 -0.00 -0.00,"D3:b1,2,3,4,5,6",00 00 28 00 00 00 00 00 x1372; 00 00 42 00 00 00 00 00 x97; 00 00 40 00 00 00 00 00 x91; 00 00 4C 00 00 00 00 00 x74; 00 00 5A 00 00 00 00 00 x74
0x3B6,950,,1669,8:1669,974407.72,1000682,1001724,1,164,D3 D6 D7 D8,00-00 00-00 02-05 10-10 00-00 00-6E 03-AF 00-0D,1 1 4 1 1 4 10 11,-0.00 -0.00 1.88 -0.00 -0.00 1.81 2.41 3.19,"D3:b0,1,2 D6:b1,2,3,5,6 D7:b0,2,3,4,5,6,7 D8:b0,1,2,3",00 00 03 10 00 00 77 00 x63; 00 00 03 10 00 02 AF 02 x54; 00 00 05 10 00 00 03 01 x50; 00 00 04 10 00 00 77 00 x45; 00 00 02 10 00 00 03 00 x44
0x3B7,951,toyota_prius_2010_pt.dbc:ESP_CONTROL | toyota_2017_ref_pt.dbc:VSC1S95,5353,8:5353,303776.13,302464,310195,0,1,,00-00 07-07 00-00 00-00 00-00 00-00 00-00 00-00,1 1 1 1 1 1 1 1,-0.00 -0.00 -0.00 -0.00 -0.00 -0.00 -0.00 -0.00,,00 07 00 00 00 00 00 00 x5353
0x3B9,953,Prius.dbc:Unbekannt_21,1588,3:1588,1024078.43,1024074,1026272,0,25,D1,9E-B6 00-00 00-00 00-00 00-00 00-00 00-00 00-00,25 1 1 1 1 1 1 1,4.28 -0.00 -0.00 -0.00 -0.00 -0.00 -0.00 -0.00,"D1:b0,1,2,3,4,5",AC 00 00 00 00 00 00 00 x180; A8 00 00 00 00 00 00 00 x144; AD 00 00 00 00 00 00 00 x131; AB 00 00 00 00 00 00 00 x124; B0 00 00 00 00 00 00 00 x117
0x3BB,955,toyota_2017_ref_pt.dbc:ENG1S92,1649,4:1649,985792.72,1024227,1026354,0,2,D1,00-01 00-00 00-00 00-00 00-00 00-00 00-00 00-00,2 1 1 1 1 1 1 1,0.74 -0.00 -0.00 -0.00 -0.00 -0.00 -0.00 -0.00,D1:b0,00 00 00 00 00 00 00 00 x1301; 01 00 00 00 00 00 00 00 x348
0x3BC,956,toyota_2017_ref_pt.dbc:ECT1S92,1596,8:1596,1019116.60,1024237,1026645,1,4,D2 D6,00-00 00-20 00-00 00-00 00-00 01-81 00-00 00-00,1 3 1 1 1 2 1 1,-0.00 0.58 -0.00 -0.00 -0.00 0.50 -0.00 -0.00,"D2:b4,5 D6:b7",00 00 00 00 00 81 00 00 x1419; 00 20 00 00 00 01 00 00 x129; 00 10 00 00 00 01 00 00 x44; 00 00 00 00 00 01 00 00 x4
0x3BD,957,,1633,1:1633,996213.34,999711,1001591,0,3,D1,00-20 00-00 00-00 00-00 00-00 00-00 00-00 00-00,3 1 1 1 1 1 1 1,0.43 -0.00 -0.00 -0.00 -0.00 -0.00 -0.00 -0.00,"D1:b2,5",04 00 00 00 00 00 00 00 x1496; 20 00 00 00 00 00 00 00 x133; 00 00 00 00 00 00 00 00 x4
0x3D3,979,toyota_2017_ref_pt.dbc:ENG1S28 | Prius.dbc:Unbekannt_14,3101,2:3101,524328.17,524329,526578,0,624,D1 D2,00-0A 00-FE 00-00 00-00 00-00 00-00 00-00 00-00,11 243 1 1 1 1 1 1,1.58 2.85 -0.00 -0.00 -0.00 -0.00 -0.00 -0.00,"D1:b0,1,2,3 D2:b0,1,2,3,4,5,6,7",00 00 00 00 00 00 00 00 x2286; 05 16 00 00 00 00 00 00 x5; 04 5C 00 00 00 00 00 00 x4; 04 8D 00 00 00 00 00 00 x4; 06 D6 00 00 00 00 00 00 x4
0x3E0,992,toyota_2017_ref_pt.dbc:MET1S18,1627,8:1627,999330.29,999329,1001684,0,1,,05-05 71-71 00-00 00-00 0F-0F 82-82 80-80 00-00,1 1 1 1 1 1 1 1,-0.00 -0.00 -0.00 -0.00 -0.00 -0.00 -0.00 -0.00,,05 71 00 00 0F 82 80 00 x1627
0x3E6,998,toyota_2017_ref_pt.dbc:AVN1S11,542,5:542,3000087.69,3000088,3002622,0,1,,00-00 00-00 00-00 00-00 00-00 00-00 00-00 00-00,1 1 1 1 1 1 1 1,-0.00 -0.00 -0.00 -0.00 -0.00 -0.00 -0.00 -0.00,,00 00 00 00 00 00 00 00 x542
0x3E7,999,toyota_2017_ref_pt.dbc:AVN1S17,542,7:542,3000085.29,3000086,3002743,0,1,,00-00 00-00 00-00 00-00 00-00 00-00 00-00 00-00,1 1 1 1 1 1 1 1,-0.00 -0.00 -0.00 -0.00 -0.00 -0.00 -0.00 -0.00,,00 00 00 00 00 00 00 00 x542
0x3E8,1000,toyota_2017_ref_pt.dbc:AVN1S18,542,8:542,3000083.69,3000085,3002175,0,1,,00-00 00-00 00-00 00-00 00-00 00-00 00-00 00-00,1 1 1 1 1 1 1 1,-0.00 -0.00 -0.00 -0.00 -0.00 -0.00 -0.00 -0.00,,00 00 00 00 00 00 00 00 x542
0x3E9,1001,toyota_2017_ref_pt.dbc:AVN1S19,542,8:542,3000080.48,3000082,3002473,0,1,,00-00 00-00 00-00 00-00 00-00 00-00 00-00 00-00,1 1 1 1 1 1 1 1,-0.00 -0.00 -0.00 -0.00 -0.00 -0.00 -0.00 -0.00,,00 00 00 00 00 00 00 00 x542
0x3F9,1017,toyota_2017_ref_pt.dbc:ENG1F03,6507,8:6507,249914.96,249914,252030,0,1,,58-58 5C-5C 56-56 01-01 00-00 00-00 00-00 0F-0F,1 1 1 1 1 1 1 1,-0.00 -0.00 -0.00 -0.00 -0.00 -0.00 -0.00 -0.00,,58 5C 56 01 00 00 00 0F x6507
0x3FA,1018,,5419,1:5419,300102.80,300108,301113,1,1,,00-00 00-00 00-00 00-00 00-00 00-00 00-00 00-00,1 1 1 1 1 1 1 1,-0.00 -0.00 -0.00 -0.00 -0.00 -0.00 -0.00 -0.00,,00 00 00 00 00 00 00 00 x5419
0x413,1043,toyota_2017_ref_pt.dbc:AVN1S31,1626,8:1626,1000028.76,1000035,1001640,0,1,,01-01 01-01 01-01 09-09 00-00 00-00 00-00 00-00,1 1 1 1 1 1 1 1,-0.00 -0.00 -0.00 -0.00 -0.00 -0.00 -0.00 -0.00,,01 01 01 09 00 00 00 00 x1626
0x420,1056,toyota_2017_ref_pt.dbc:VSC1S08,1603,8:1603,1014619.66,1010324,1035150,1,3,D2 D4 D7 D8,00-00 11-13 00-00 11-13 FD-FD FC-FC 00-01 47-4B,1 2 1 2 1 1 2 3,-0.00 0.21 -0.00 0.21 -0.00 -0.00 0.01 0.23,"D2:b1 D4:b1 D7:b0 D8:b0,1,2,3",00 11 00 11 FD FC 00 47 x1547; 00 13 00 13 FD FC 00 4B x54; 00 11 00 11 FD FC 01 48 x2
0x421,1057,,1625,8:1625,1000683.97,1000692,1001819,0,1,,00-00 00-00 00-00 00-00 00-00 00-00 00-00 00-00,1 1 1 1 1 1 1 1,-0.00 -0.00 -0.00 -0.00 -0.00 -0.00 -0.00 -0.00,,00 00 00 00 00 00 00 00 x1625
0x423,1059,toyota_2017_ref_pt.dbc:STR1S02,1615,1:1615,1006912.63,1006912,1009190,0,1,,20-20 00-00 00-00 00-00 00-00 00-00 00-00 00-00,1 1 1 1 1 1 1 1,-0.00 -0.00 -0.00 -0.00 -0.00 -0.00 -0.00 -0.00,,20 00 00 00 00 00 00 00 x1615
0x42F,1071,,1625,8:1625,1000684.10,1000688,1001748,0,1,,00-00 00-00 00-00 00-00 00-00 00-00 00-00 00-00,1 1 1 1 1 1 1 1,-0.00 -0.00 -0.00 -0.00 -0.00 -0.00 -0.00 -0.00,,00 00 00 00 00 00 00 00 x1625
0x434,1076,toyota_2017_ref_pt.dbc:AVN1S20,1626,8:1626,1000026.11,1000036,1001571,0,1,,41-41 40-40 00-00 00-00 01-01 80-80 00-00 00-00,1 1 1 1 1 1 1 1,-0.00 -0.00 -0.00 -0.00 -0.00 -0.00 -0.00 -0.00,,41 40 00 00 01 80 00 00 x1626
0x435,1077,toyota_2017_ref_pt.dbc:AVN1S21,1626,8:1626,1000026.36,1000033,1001625,0,1,,81-81 0A-0A 05-05 FF-FF E0-E0 0F-0F 60-60 03-03,1 1 1 1 1 1 1 1,-0.00 -0.00 -0.00 -0.00 -0.00 -0.00 -0.00 -0.00,,81 0A 05 FF E0 0F 60 03 x1626
0x436,1078,,1626,8:1626,1000028.12,1000036,1001632,0,1,,00-00 00-00 00-00 00-00 00-00 00-00 00-00 00-00,1 1 1 1 1 1 1 1,-0.00 -0.00 -0.00 -0.00 -0.00 -0.00 -0.00 -0.00,,00 00 00 00 00 00 00 00 x1626
0x437,1079,,1626,8:1626,1000027.83,1000034,1001638,0,1,,FC-FC FF-FF FF-FF FF-FF FF-FF FF-FF FF-FF FF-FF,1 1 1 1 1 1 1 1,-0.00 -0.00 -0.00 -0.00 -0.00 -0.00 -0.00 -0.00,,FC FF FF FF FF FF FF FF x1626
0x440,1088,,2725,8:2725,596700.80,597327,601797,0,1,,42-42 02-02 00-00 00-00 01-01 00-00 00-00 00-00,1 1 1 1 1 1 1 1,-0.00 -0.00 -0.00 -0.00 -0.00 -0.00 -0.00 -0.00,,42 02 00 00 01 00 00 00 x2725
0x442,1090,,2725,8:2725,596701.30,599537,600940,0,1,,43-43 02-02 00-00 00-00 04-04 00-00 00-00 00-00,1 1 1 1 1 1 1 1,-0.00 -0.00 -0.00 -0.00 -0.00 -0.00 -0.00 -0.00,,43 02 00 00 04 00 00 00 x2725
0x443,1091,,2725,8:2725,596701.80,599757,601043,0,1,,4D-4D 02-02 00-00 2F-2F 06-06 00-00 00-00 00-00,1 1 1 1 1 1 1 1,-0.00 -0.00 -0.00 -0.00 -0.00 -0.00 -0.00 -0.00,,4D 02 00 2F 06 00 00 00 x2725
0x44D,1101,,2725,8:2725,596700.84,599854,601062,0,1,,5C-5C 02-02 00-00 00-00 00-00 00-00 00-00 00-00,1 1 1 1 1 1 1 1,-0.00 -0.00 -0.00 -0.00 -0.00 -0.00 -0.00 -0.00,,5C 02 00 00 00 00 00 00 x2725
0x45C,1116,,2726,8:2726,596700.63,599137,603471,1,1,,5F-5F 02-02 00-00 20-20 08-08 00-00 00-00 00-00,1 1 1 1 1 1 1 1,-0.00 -0.00 -0.00 -0.00 -0.00 -0.00 -0.00 -0.00,,5F 02 00 20 08 00 00 00 x2726
0x45F,1119,,2726,8:2726,596700.84,598171,601534,0,1,,40-40 02-02 00-00 00-00 01-01 00-00 00-00 00-00,1 1 1 1 1 1 1 1,-0.00 -0.00 -0.00 -0.00 -0.00 -0.00 -0.00 -0.00,,40 02 00 00 01 00 00 00 x2726
0x498,1176,toyota_2017_ref_pt.dbc:ENG1D50 | Prius.dbc:Unbekannt_08,3254,8:3254,499750.28,499756,500913,0,1650,D2 D3 D4 D5 D6 D7 D8,C0-C0 00-0E 00-FF 3F-48 AC-BA 00-4B 00-2D 14-16,1 15 243 10 15 74 44 3,-0.00 1.74 2.93 2.91 1.61 5.69 2.05 1.29,"D2:b0,1,2,3 D3:b0,1,2,3,4,5,6,7 D4:b0,1,2,3,4,5,6 D5:b0,1,2,3,4 D6:b0,1,2,3,4,5,6 D7:b0,1,2,3,4,5 D8:b0,1",C0 00 00 42 B9 00 00 15 x127; C0 00 00 40 BA 00 00 14 x104; C0 00 00 40 AD 00 00 14 x40; C0 00 00 44 AD 00 00 15 x31; C0 00 00 41 AD 00 00 16 x30
0x499,1177,toyota_2017_ref_pt.dbc:ENG1D51 | Prius.dbc:Unbekannt_15,3254,8:3254,499830.00,499835,500940,0,1786,D2 D3 D4 D6 D7 D8,D2-D2 00-FF 33-A3 00-FF 00-00 00-20 00-03 00-F0,1 66 113 39 1 9 4 16,-0.00 4.88 5.29 2.45 -0.00 1.44 0.56 1.61,"D2:b0,1,2,3,4,5,6,7 D3:b0,1,2,3,4,5,6,7 D4:b0,1,2,3,4,5,6,7 D6:b2,3,4,5 D7:b0,1 D8:b4,5,6,7",D2 00 39 00 00 00 00 00 x209; D2 00 38 80 00 00 01 90 x28; D2 FD 37 80 00 00 00 00 x27; D2 FD 38 00 00 00 00 00 x22; D2 00 3A 00 00 00 00 E0 x21
0x49A,1178,toyota_2017_ref_pt.dbc:ENG1D52 | Prius.dbc:Unbekannt_25,3254,8:3254,499829.93,499837,500884,0,2101,D1 D2 D3 D5 D6 D7 D8,00-FF 10-D5 20-AF 00-00 30-89 00-E0 2E-32 A0-A8,76 24 27 1 24 8 3 2,5.55 4.36 4.23 -0.00 3.55 2.78 0.90 0.71,"D1:b0,1,2,3,4,5,6,7 D2:b0,1,2,6,7 D3:b0,1,2,3,7 D5:b0,1,3,4,5,6,7 D6:b5,6,7 D7:b1,2,3,4 D8:b3",00 14 AC 00 51 40 32 A8 x150; 00 10 20 00 38 E0 2E A0 x102; 00 11 22 00 38 E0 30 A0 x39; 00 12 A6 00 41 00 32 A8 x34; 00 14 AC 00 59 60 32 A8 x32
0x49B,1179,toyota_2017_ref_pt.dbc:ENG1D53 | Prius.dbc:Unbekannt_17,3254,8:3254,499830.23,499837,500929,0,1767,D1 D2 D3 D4 D5 D6 D7 D8,00-79 00-F2 1F-E3 20-94 08-0A 00-01 00-81 00-FF,33 71 20 11 2 2 14 90,3.64 3.97 3.20 1.79 0.73 0.49 0.68 5.92,"D1:b0,2,3,4,5,6 D2:b0,1,2,4,5,6,7 D3:b0,1,2,3,4,5,6,7 D4:b1,2,3,4,5,6,7 D5:b1 D6:b0 D7:b0,1,2,3,4,6,7 D8:b0,1,2,3,4,5,6,7",00 A0 22 20 0A 00 40 00 x93; 00 A0 1F 20 08 00 40 00 x61; 00 A0 23 20 0A 00 40 00 x50; 00 A0 1F 80 08 01 00 00 x45; 00 A0 20 80 08 01 00 00 x42
0x49C,1180,toyota_2017_ref_pt.dbc:ENG1D54 | Prius.dbc:Unbekannt_16,3254,8:3254,499750.28,499757,500929,0,625,D1 D2 D3 D4 D8,09-A0 00-06 00-FD 00-28 00-00 00-00 00-00 0D-29,72 7 58 32 1 1 1 18,2.19 0.83 2.80 1.57 -0.00 -0.00 -0.00 1.62,"D1:b0,1,2,3,4,5,6,7 D2:b0,1,2 D3:b0,1,2,3,4,5,6,7 D4:b0,1,2,3,4,5 D8:b0,1,2,3,4,5",A0 05 0A 00 00 00 00 1C x1441; A0 05 20 00 00 00 00 1C x819; A0 05 0A 00 00 00 00 1B x121; 42 04 39 18 00 00 00 0E x12; 41 04 2F 17 00 00 00 10 x9
0x49D,1181,toyota_2017_ref_pt.dbc:ENG1D55 | Prius.dbc:Unbekannt_18,3254,8:3254,499830.04,499835,500918,0,2239,D1 D2 D3 D4 D5 D6 D7 D8,53-7B 50-79 00-FF 40-C9 7E-93 02-FE 37-C9 00-C0,41 42 132 20 12 9 12 8,4.34 4.33 5.66 4.23 3.38 3.06 3.11 2.02,"D1:b0,1,2,3,4,5 D2:b0,1,2,3,4,5 D3:b0,1,2,3,4,5,6,7 D4:b0,1,2,3,7 D5:b0,1,2,3,4,5,6,7 D6:b2,3,4,5,6,7 D7:b0,1,2,3,4,5,6,7 D8:b0,1,2,6,7",68 68 01 40 7E FE 57 C0 x51; 69 68 00 C6 8D 12 99 00 x47; 69 68 01 40 7E FE 57 C0 x37; 69 68 01 46 8D 12 99 00 x37; 6C 6B 00 C1 81 02 78 80 x29
0x49E,1182,toyota_2017_ref_pt.dbc:ECT1D50,3254,8:3254,499829.93,499836,500918,0,1928,D1 D2 D3 D4 D5 D6 D7 D8,00-4C 00-D1 00-3A 00-E0 01-02 00-F8 02-9A 4A-4C,54 34 41 6 2 49 20 3,5.00 4.01 2.71 1.43 0.18 4.09 2.65 0.17,"D1:b0,1,2,3,4,5,6 D2:b0,1,2,3,4,6,7 D3:b0,1,2,3,4,5 D4:b5,6,7 D5:b0,1 D6:b0,1,2,3,4,5,6,7 D7:b3,4,5,6,7 D8:b0,1,2",00 80 00 C0 01 C8 02 4B x280; 00 80 00 C0 01 D8 02 4B x41; 00 90 00 C0 01 D0 52 4B x39; 00 80 00 C0 01 D0 02 4B x35; 02 8E 01 20 01 D8 5A 4B x24
0x49F,1183,toyota_2017_ref_pt.dbc:ECT1D51,3254,8:3254,499829.11,499837,500941,0,197,D1 D2 D3 D4,00-FE 40-44 D0-D3 00-C0 00-00 00-00 00-00 00-00,56 3 4 4 1 1 1 1,4.23 0.58 1.01 0.81 -0.00 -0.00 -0.00 -0.00,"D1:b1,2,3,4,5,6,7 D2:b1,2 D3:b0,1 D4:b6,7",00 40 D0 00 00 00 00 00 x405; 00 44 D0 00 00 00 00 00 x265; FA 40 D0 00 00 00 00 00 x149; 0C 40 D0 00 00 00 00 00 x141; 0E 40 D0 00 00 00 00 00 x133
0x4A0,1184,Prius.dbc:V_RAD_2,3225,8:3225,504269.61,502025,514718,1,754,D2 D4 D5 D6 D7 D8,06-06 AE-BC 00-00 00-3A 00-3A 00-3A 00-3A 00-0E,1 15 1 59 59 59 59 6,-0.00 1.21 -0.00 5.41 5.41 5.41 5.42 0.38,"D2:b0,1,2,3,4 D4:b0,1,2,3,4,5 D5:b0,1,2,3,4,5 D6:b0,1,2,3,4,5 D7:b0,1,2,3,4,5 D8:b0,1,2,3",06 AF 00 00 00 00 00 00 x105; 06 BB 00 00 00 00 00 00 x102; 06 BB 00 00 00 00 00 08 x92; 06 AF 00 25 25 25 25 00 x90; 06 AF 00 22 22 22 22 00 x83
0x4A1,1185,Prius.dbc:Unbekannt_22,3225,8:3225,504269.61,502005,514693,1,1128,D1 D2 D3 D6 D7,00-FF 00-FF 5C-A6 DE-DE 80-80 20-B3 C1-F4 42-42,41 27 70 1 1 9 6 1,3.49 3.58 2.92 -0.00 -0.00 1.98 1.20 -0.00,"D1:b0,1,2,3,4,5,6,7 D2:b0,1,2,3,4,5,6,7 D3:b0,1,2,3,4,5,6,7 D6:b0,1,4,7 D7:b0,2,4,5",FE 00 80 DE 80 20 C1 42 x129; 00 00 80 DE 80 23 C1 42 x116; FF 01 80 DE 80 23 C1 42 x98; FE 05 80 DE 80 20 C1 42 x93; FF FF 80 DE 80 33 C1 42 x88
0x4A2,1186,Prius.dbc:Unbekannt_24,3225,8:3225,504269.54,502015,514731,1,728,D1 D3 D4 D5 D6 D7 D8,19-2C 00-00 00-60 B5-C8 00-18 37-4A A6-C2 01-03,20 1 95 20 24 20 29 2,0.97 -0.00 1.50 2.03 0.93 2.20 4.25 0.82,"D1:b0,1,2,3,4,5 D3:b0,1,2,3,4,5,6 D4:b0,1,2,3,4,5,6 D5:b0,1,2,3,4 D6:b0,1,2,3,4,5,6 D7:b0,1,2,3,4,5,6 D8:b1",19 00 00 C7 00 37 BD 01 x367; 19 00 00 C7 00 37 B5 01 x213; 19 00 00 C7 00 37 AE 01 x210; 19 00 00 C7 00 37 B1 01 x169; 19 00 00 C7 00 37 AC 01 x145
0x4A6,1190,Prius.dbc:Unbekannt_26,1985,8:1985,819447.75,819471,821288,0,1558,D1 D2 D3 D4 D6 D7,08-CC 80-8F 47-4B 46-4D 46-46 31-58 25-58 00-00,8 3 5 4 1 40 47 1,2.46 0.06 2.12 1.76 -0.00 4.68 4.22 -0.00,"D1:b2,6,7 D2:b0,1,2,3 D3:b0,1,2,3 D4:b0,1,2,3 D6:b0,1,2,3,4,5,6 D7:b0,1,2,3,4,5,6",CC 80 48 4D 46 4D 48 00 x19; 4C 80 48 4D 46 4D 48 00 x19; 8C 80 48 4D 46 4D 48 00 x19; 0C 80 48 4D 46 4D 48 00 x18; CC 80 4B 4B 46 4B 46 00 x16
0x4A7,1191,toyota_2017_ref_pt.dbc:ENG1D57 | Prius.dbc:Unbekannt_20,3254,8:3254,499750.40,499753,500950,0,602,D1 D3 D5,02-2F 00-00 5F-90 00-00 60-78 00-00 00-00 00-00,46 1 46 1 9 1 1 1,4.23 -0.00 4.79 -0.00 1.13 -0.00 -0.00 -0.00,"D1:b0,1,2,3,4,5 D3:b0,1,2,3,4,5,6,7 D5:b0,2,3,4",09 00 7B 00 70 00 00 00 x177; 25 00 76 00 70 00 00 00 x157; 09 00 7C 00 70 00 00 00 x103; 09 00 7A 00 70 00 00 00 x75; 29 00 90 00 70 00 00 00 x57
0x4A8,1192,toyota_2017_ref_pt.dbc:ENG1D56,3254,8:3254,499829.92,499836,500968,0,293,D2 D3 D6 D7 D8,00-00 07-09 00-E0 00-00 00-00 00-05 00-C0 00-FE,1 3 8 1 1 6 20 15,-0.00 1.26 2.95 -0.00 -0.00 0.25 0.61 1.57,"D2:b0,1,2,3 D3:b5,6,7 D6:b0,1,2 D7:b0,1,2,3,4,6,7 D8:b0,1,2,3,4,5,6,7",00 08 60 00 00 00 00 7E x322; 00 08 80 00 00 00 00 7E x296; 00 08 20 00 00 00 00 7E x233; 00 08 40 00 00 00 00 7E x230; 00 08 00 00 00 00 00 7E x182
0x4C1,1217,,1786,8:1786,910405.89,910406,912667,0,1,,01-01 00-00 00-00 00-00 00-00 00-00 00-00 00-00,1 1 1 1 1 1 1 1,-0.00 -0.00 -0.00 -0.00 -0.00 -0.00 -0.00 -0.00,,01 00 00 00 00 00 00 00 x1786
0x4C3,1219,,1727,8:1727,941707.88,937705,960691,0,1,,03-03 00-00 00-00 00-00 00-00 00-00 00-00 00-00,1 1 1 1 1 1 1 1,-0.00 -0.00 -0.00 -0.00 -0.00 -0.00 -0.00 -0.00,,03 00 00 00 00 00 00 00 x1727
0x4C6,1222,,1696,8:1696,958963.99,958967,960969,0,1,,07-07 00-00 02-02 00-00 00-00 00-00 00-00 00-00,1 1 1 1 1 1 1 1,-0.00 -0.00 -0.00 -0.00 -0.00 -0.00 -0.00 -0.00,,07 00 02 00 00 00 00 00 x1696
0x4C7,1223,,1676,8:1676,970121.75,969797,972493,0,1,,08-08 00-00 01-01 21-21 00-00 00-00 00-00 00-00,1 1 1 1 1 1 1 1,-0.00 -0.00 -0.00 -0.00 -0.00 -0.00 -0.00 -0.00,,08 00 01 21 00 00 00 00 x1676
0x4C8,1224,,1641,8:1641,990867.31,990868,993164,0,1,,09-09 00-00 00-00 01-01 00-00 00-00 00-00 00-00,1 1 1 1 1 1 1 1,-0.00 -0.00 -0.00 -0.00 -0.00 -0.00 -0.00 -0.00,,09 00 00 01 00 00 00 00 x1641
0x4DD,1245,,1611,8:1611,1009724.44,1009723,1011901,0,1,,1E-1E 00-00 00-00 02-02 00-00 00-00 00-00 00-00,1 1 1 1 1 1 1 1,-0.00 -0.00 -0.00 -0.00 -0.00 -0.00 -0.00 -0.00,,1E 00 00 02 00 00 00 00 x1611
0x58E,1422,,1673,8:1673,972161.21,999324,1001646,0,4,D6,00-00 00-00 00-00 00-00 00-00 00-06 00-00 00-00,1 1 1 1 1 4 1 1,-0.00 -0.00 -0.00 -0.00 -0.00 0.17 -0.00 -0.00,"D6:b0,1,2",00 00 00 00 00 00 00 00 x1640; 00 00 00 00 00 01 00 00 x15; 00 00 00 00 00 02 00 00 x14; 00 00 00 00 00 06 00 00 x4
0x610,1552,Prius.dbc:Unbekannt_23,3450,8:3450,471326.37,499662,501910,0,1075,D2 D3 D4 D5 D6 D7,20-20 00-80 00-4D 00-64 C0-E0 00-FF 02-FF 74-74,1 2 78 5 2 21 240 1,-0.00 0.79 5.78 0.02 0.01 1.35 3.62 -0.00,"D2:b7 D3:b0,1,2,3,4,5,6 D4:b0,1,2,3,4,5,6 D5:b5 D6:b0,1,2,3,4,5,6,7 D7:b0,1,2,3,4,5,6,7",20 00 00 64 C0 FF FD 74 x422; 20 00 2D 64 C0 FF FC 74 x85; 20 00 32 64 C0 FF FC 74 x70; 20 00 28 64 C0 FF FC 74 x65; 20 00 34 64 C0 FF FC 74 x54
0x611,1553,toyota_prius_2010_pt.dbc:UI_SEETING,1631,8:1631,996751.66,999334,1001768,0,19,D2 D8,21-21 00-80 00-00 25-25 00-00 02-02 39-39 62-6B,1 2 1 1 1 1 1 10,-0.00 0.05 -0.00 -0.00 -0.00 -0.00 -0.00 3.22,"D2:b7 D8:b0,1,2,3",21 00 00 25 00 02 39 69 x351; 21 00 00 25 00 02 39 68 x167; 21 00 00 25 00 02 39 6A x167; 21 00 00 25 00 02 39 66 x166; 21 00 00 25 00 02 39 64 x151
0x612,1554,,226,8:226,7194705.04,9989976,10004022,0,32,D2 D6,27-27 00-80 00-00 00-00 20-20 E0-EF 00-00 00-00,1 2 1 1 1 16 1 1,-0.00 1.00 -0.00 -0.00 -0.00 3.63 -0.00 -0.00,"D2:b7 D6:b0,1,2,3",27 00 00 00 20 ED 00 00 x20; 27 80 00 00 20 E3 00 00 x18; 27 80 00 00 20 E4 00 00 x16; 27 00 00 00 20 E3 00 00 x16; 27 00 00 00 20 E1 00 00 x15
0x613,1555,,814,8:814,1998653.29,1998654,2001226,0,1,,28-28 00-00 00-00 08-08 00-00 00-00 00-00 00-00,1 1 1 1 1 1 1 1,-0.00 -0.00 -0.00 -0.00 -0.00 -0.00 -0.00 -0.00,,28 00 00 08 00 00 00 00 x814
0x614,1556,toyota_prius_2010_pt.dbc:STEERING_LEVERS,190,8:190,8517530.40,9992913,9995530,0,6,D2 D4,29-29 00-80 FE-FE 10-30 00-00 00-00 00-00 00-00,1 2 1 3 1 1 1 1,-0.00 0.86 -0.00 1.12 -0.00 -0.00 -0.00 -0.00,"D2:b7 D4:b4,5",29 00 FE 30 00 00 00 00 x110; 29 80 FE 30 00 00 00 00 x27; 29 80 FE 10 00 00 00 00 x18; 29 00 FE 10 00 00 00 00 x16; 29 00 FE 20 00 00 00 00 x10
0x615,1557,,163,8:163,9993265.45,9993262,9995550,0,1,,2A-2A 00-00 A3-A3 01-01 00-00 00-00 00-00 00-00,1 1 1 1 1 1 1 1,-0.00 -0.00 -0.00 -0.00 -0.00 -0.00 -0.00 -0.00,,2A 00 A3 01 00 00 00 00 x163
0x616,1558,,813,8:813,1998653.28,1998655,2000900,0,1,,2B-2B 00-00 00-00 00-00 00-00 00-00 00-00 00-00,1 1 1 1 1 1 1 1,-0.00 -0.00 -0.00 -0.00 -0.00 -0.00 -0.00 -0.00,,2B 00 00 00 00 00 00 00 x813
0x618,1560,,163,8:163,9993274.49,9993272,10003022,0,75,D2 D4,22-22 00-80 00-00 6F-AC 80-80 00-00 00-00 00-00,1 2 1 52 1 1 1 1,-0.00 0.98 -0.00 5.23 -0.00 -0.00 -0.00 -0.00,"D2:b7 D4:b0,1,2,3,4,5,6,7",22 00 00 AA 80 00 00 00 x11; 22 00 00 A1 80 00 00 00 x7; 22 00 00 A7 80 00 00 00 x6; 22 00 00 A5 80 00 00 00 x5; 22 00 00 A0 80 00 00 00 x5
0x619,1561,,168,8:168,9694064.50,9993174,10003068,0,41,D2 D4 D7,23-23 00-80 01-01 C3-CC 70-70 01-01 1B-20 80-80,1 2 1 10 1 1 6 1,-0.00 0.80 -0.00 3.10 -0.00 -0.00 2.44 -0.00,"D2:b7 D4:b0,1,2,3 D7:b0,1,2,3,4,5",23 00 01 CB 70 01 1C 80 x19; 23 00 01 CC 70 01 1C 80 x19; 23 00 01 C9 70 01 1D 80 x16; 23 00 01 C4 70 01 20 80 x10; 23 00 01 C9 70 01 1E 80 x9
0x61A,1562,,163,8:163,9993325.75,9993259,9995904,0,1,,24-24 00-00 00-00 00-00 00-00 01-01 62-62 60-60,1 1 1 1 1 1 1 1,-0.00 -0.00 -0.00 -0.00 -0.00 -0.00 -0.00 -0.00,,24 00 00 00 00 01 62 60 x163
0x61C,1564,,163,8:163,9993309.47,9992623,10004308,0,55,D2 D8,26-26 00-80 00-00 00-00 00-00 00-00 00-00 12-2D,1 2 1 1 1 1 1 28,-0.00 0.65 -0.00 -0.00 -0.00 -0.00 -0.00 4.80,"D2:b7 D8:b0,1,2,3,4,5",26 00 00 00 00 00 00 13 x5; 26 00 00 00 00 00 00 14 x5; 26 00 00 00 00 00 00 15 x5; 26 00 00 00 00 00 00 16 x5; 26 00 00 00 00 00 00 17 x5
0x620,1568,toyota_prius_2010_pt.dbc:SEATS_DOORS | Prius.dbc:Unbekannt_13,5423,8:5423,299871.64,300026,304208,1,28,D2 D4 D8,10-10 00-80 00-00 1A-23 B0-B0 00-00 00-00 00-50,1 2 1 10 1 1 1 4,-0.00 0.01 -0.00 1.85 -0.00 -0.00 -0.00 0.51,"D2:b7 D4:b0,1,2,3,4,5 D8:b4,6",10 00 00 1A B0 00 00 00 x3705; 10 00 00 1E B0 00 00 00 x363; 10 00 00 1B B0 00 00 00 x235; 10 00 00 1C B0 00 00 00 x222; 10 00 00 1F B0 00 00 00 x197
0x621,1569,,1628,8:1628,998868.32,1000062,1004536,0,3,D2 D3,11-11 00-80 00-F2 00-00 00-00 00-00 00-00 00-00,1 2 3 1 1 1 1 1,-0.00 0.02 0.03 -0.00 -0.00 -0.00 -0.00 -0.00,"D2:b7 D3:b1,4,5,6,7",11 00 00 00 00 00 00 00 x1624; 11 80 72 00 00 00 00 00 x2; 11 80 F2 00 00 00 00 00 x2
0x622,1570,,1626,8:1626,1000016.21,1000042,1001561,0,1,,12-12 00-00 00-00 00-00 00-00 00-00 00-00 00-00,1 1 1 1 1 1 1 1,-0.00 -0.00 -0.00 -0.00 -0.00 -0.00 -0.00 -0.00,,12 00 00 00 00 00 00 00 x1626
0x623,1571,,1627,8:1627,1000020.72,1000067,1001654,1,1,,19-19 00-00 00-00 00-00 00-00 00-00 00-00 00-00,1 1 1 1 1 1 1 1,-0.00 -0.00 -0.00 -0.00 -0.00 -0.00 -0.00 -0.00,,19 00 00 00 00 00 00 00 x1627
0x624,1572,,1626,8:1626,1000023.60,1000048,1003622,0,1,,1A-1A 00-00 41-41 00-00 49-49 40-40 FF-FF 00-00,1 1 1 1 1 1 1 1,-0.00 -0.00 -0.00 -0.00 -0.00 -0.00 -0.00 -0.00,,1A 00 41 00 49 40 FF 00 x1626
0x626,1574,Prius.dbc:Tueren,1627,8:1627,1000014.71,1000057,1001606,0,1,,1C-1C 00-00 00-00 00-00 00-00 00-00 00-00 00-00,1 1 1 1 1 1 1 1,-0.00 -0.00 -0.00 -0.00 -0.00 -0.00 -0.00 -0.00,,1C 00 00 00 00 00 00 00 x1627
0x630,1584,,1625,8:1625,1000538.83,1000553,1001710,0,1,,17-17 00-00 00-00 00-00 00-00 00-00 00-00 00-00,1 1 1 1 1 1 1 1,-0.00 -0.00 -0.00 -0.00 -0.00 -0.00 -0.00 -0.00,,17 00 00 00 00 00 00 00 x1625
0x632,1586,,1625,8:1625,1000540.56,1000552,1001754,0,1,,80-80 00-00 00-00 00-00 00-00 00-00 00-00 00-00,1 1 1 1 1 1 1 1,-0.00 -0.00 -0.00 -0.00 -0.00 -0.00 -0.00 -0.00,,80 00 00 00 00 00 00 00 x1625
0x633,1587,,1625,8:1625,1000540.82,1000332,1001893,0,1,,81-81 00-00 00-00 00-00 00-00 00-00 00-00 00-00,1 1 1 1 1 1 1 1,-0.00 -0.00 -0.00 -0.00 -0.00 -0.00 -0.00 -0.00,,81 00 00 00 00 00 00 00 x1625
0x635,1589,,1625,8:1625,1000540.64,1000550,1001762,0,1,,83-83 00-00 00-00 00-00 00-00 00-00 00-00 00-00,1 1 1 1 1 1 1 1,-0.00 -0.00 -0.00 -0.00 -0.00 -0.00 -0.00 -0.00,,83 00 00 00 00 00 00 00 x1625
0x638,1592,,1646,8:1646,987941.48,1000040,1003560,0,22,D2 D3 D5,13-13 00-80 00-0F 00-00 55-F5 00-00 00-00 00-00,1 2 6 1 9 1 1 1,-0.00 0.14 0.45 -0.00 1.41 -0.00 -0.00 -0.00,"D2:b7 D3:b0,1,2,3 D5:b2,3,4,5,6,7",13 00 00 00 F5 00 00 00 x934; 13 00 00 00 55 00 00 00 x379; 13 00 00 00 A5 00 00 00 x174; 13 00 0F 00 55 00 00 00 x114; 13 00 0F 00 F5 00 00 00 x9
0x639,1593,,1626,8:1626,1000017.54,1000040,1001607,0,1,,14-14 00-00 02-02 00-00 00-00 00-00 00-00 00-00,1 1 1 1 1 1 1 1,-0.00 -0.00 -0.00 -0.00 -0.00 -0.00 -0.00 -0.00,,14 00 02 00 00 00 00 00 x1626
0x63B,1595,Prius.dbc:Time,3252,8:3252,500008.83,500025,501109,0,3252,D7 D8,16-16 00-00 3B-3B 64-64 00-00 00-00 2A-6A 00-FF,1 1 1 1 1 1 65 256,-0.00 -0.00 -0.00 -0.00 -0.00 -0.00 6.00 7.99,"D7:b0,1,2,3,4,5,6 D8:b0,1,2,3,4,5,6,7",16 00 3B 64 00 00 2A EF x1; 16 00 3B 64 00 00 2A F4 x1; 16 00 3B 64 00 00 2A F9 x1; 16 00 3B 64 00 00 2A FE x1; 16 00 3B 64 00 00 2B 03 x1
0x680,1664,,1626,8:1626,1000017.51,1000225,1001706,0,1,,D8-D8 00-00 01-01 00-00 00-00 00-00 00-00 00-00,1 1 1 1 1 1 1 1,-0.00 -0.00 -0.00 -0.00 -0.00 -0.00 -0.00 -0.00,,D8 00 01 00 00 00 00 00 x1626
0x6C0,1728,,5428,8:5428,299592.92,299762,300693,0,4,D2 D4,E4-E4 00-80 80-80 60-A0 00-00 00-00 00-00 00-00,1 2 1 2 1 1 1 1,-0.00 0.01 -0.00 0.41 -0.00 -0.00 -0.00 -0.00,"D2:b7 D4:b6,7",E4 00 80 60 00 00 00 00 x4987; E4 00 80 A0 00 00 00 00 x437; E4 80 80 60 00 00 00 00 x2; E4 80 80 A0 00 00 00 00 x2
0x6F0,1776,,1627,8:1627,999326.46,999332,1001579,0,1,,2E-2E 00-00 0F-0F 1E-1E 00-00 C0-C0 00-00 00-00,1 1 1 1 1 1 1 1,-0.00 -0.00 -0.00 -0.00 -0.00 -0.00 -0.00 -0.00,,2E 00 0F 1E 00 C0 00 00 x1627
